iteration,loss,success_prob,fidelity,prob
0,0.6984972855506119,0.07784485234567896,0.7622236204097412,0.13500000000000004
1,0.6974959778311722,0.07791699689181497,0.7627123685672588,0.13500000000000004
2,0.6964961545824588,0.0779893873264533,0.7631943834451803,0.13500000000000004
3,0.6954977577714412,0.07806202278821248,0.7636697749981818,0.13500000000000004
4,0.6945007894533956,0.07813490216331309,0.7641385527774622,0.13500000000000004
5,0.6935052559375824,0.07820802428803265,0.7646007198775256,0.13500000000000004
6,0.6925113440278012,0.0782813875667017,0.7650559713019189,0.13500000000000004
7,0.6915185521276617,0.07835499209134048,0.7655051768666916,0.13500000000000004
8,0.6905275176434612,0.07842883523964167,0.7659472613340563,0.13500000000000004
9,0.6895376326374906,0.078502917044395,0.7663832822670501,0.13500000000000004
10,0.6885493698812235,0.07857723560417275,0.76681243969056,0.13500000000000004
11,0.6875626578032653,0.0786517900291325,0.7672348687078849,0.13500000000000004
12,0.686577247572038,0.07872657972879255,0.7676510100402606,0.13500000000000004
13,0.685593356035258,0.07880160321787047,0.7680605044267055,0.13500000000000004
14,0.6846110464387224,0.07887685937790473,0.7684632551847275,0.13500000000000004
15,0.6836301310037293,0.07895234764596909,0.7688595961044143,0.13500000000000004
16,0.6826506466877625,0.07902806700129075,0.7692494752244209,0.13500000000000004
17,0.6816727197075493,0.07910401623833427,0.7696326872492699,0.13500000000000004
18,0.6806962792776138,0.07918019458469769,0.7700093649094941,0.13500000000000004
19,0.6797212452622008,0.07925660132635418,0.7703796565462573,0.13500000000000004
20,0.6787476967643828,0.07933323544005819,0.7707434365625117,0.13500000000000004
21,0.6777756693509231,0.07941009601735496,0.7711006537753005,0.13500000000000004
22,0.6768050820906888,0.07948718241918748,0.7714514569573692,0.13500000000000004
23,0.6758359240444488,0.07956449385786507,0.7717958747374538,0.13500000000000004
24,0.6748682561553138,0.0796420293948909,0.7721338121779395,0.13500000000000004
25,0.6739020604276688,0.07971978829330542,0.772465309560525,0.13500000000000004
26,0.6729372816148376,0.0797977699280054,0.7727904708150295,0.13500000000000004
27,0.6719739418820744,0.07987597350467152,0.7731092668871669,0.13500000000000004
28,0.6710120676206383,0.0799543982175224,0.7734216615506586,0.13500000000000004
29,0.6700516186288511,0.08003304342570029,0.773727732885305,0.13500000000000004
30,0.6690925737104279,0.0801119084609978,0.774027526155331,0.13500000000000004
31,0.6681349598924824,0.0801909925506647,0.7743210037122321,0.13500000000000004
32,0.6671787694061437,0.0802702950109922,0.7746081876419979,0.13500000000000004
33,0.6662239668294272,0.08034981523077875,0.7748891475362767,0.13500000000000004
34,0.6652705571496139,0.08042955250021827,0.7751638836975376,0.13500000000000004
35,0.6643185507255728,0.08050950609417365,0.775432387316813,0.13500000000000004
36,0.6633679210187197,0.08058967538425871,0.7756947129471603,0.13500000000000004
37,0.6624186536595934,0.08067005971875957,0.7759508942280182,0.13500000000000004
38,0.6614707592501363,0.08075065838191274,0.7762009220252943,0.13500000000000004
39,0.660524225350307,0.08083147071216513,0.7764448269271589,0.13500000000000004
40,0.6595790300573336,0.08091249607106506,0.776682655888278,0.13500000000000004
41,0.6586351758565998,0.08099373375633426,0.7769144140988382,0.13500000000000004
42,0.6576926594772661,0.08107518307771287,0.7771401167628346,0.13500000000000004
43,0.656751460220588,0.08115684338645343,0.7773598091660704,0.13500000000000004
44,0.6558115725103931,0.081238713988934,0.7775735108134894,0.13500000000000004
45,0.6548729961343241,0.0813207941736419,0.7777812321469488,0.13500000000000004
46,0.6539357147180477,0.08140308326963461,0.7779830114800856,0.13500000000000004
47,0.652999717882425,0.0814855805836378,0.7781788770334278,0.13500000000000004
48,0.6520650048720565,0.08156828538755481,0.7783688407444371,0.13500000000000004
49,0.6511315633120971,0.08165119697777679,0.7785529346981369,0.13500000000000004
50,0.6501993810264374,0.08173431464454334,0.7787311908207346,0.13500000000000004
51,0.6492684555737727,0.08181763764817335,0.7789036244655343,0.13500000000000004
52,0.648338777221456,0.0819011652672342,0.7790702636086637,0.13500000000000004
53,0.6474103337612235,0.0819848967782871,0.7792311407104204,0.13500000000000004
54,0.646483121204044,0.0820688314206657,0.7793862744548025,0.13500000000000004
55,0.6455571312477478,0.08215296843702026,0.7795356911556516,0.13500000000000004
56,0.644632352403182,0.08223730707556551,0.7796794227309052,0.13500000000000004
57,0.6437087796583244,0.082321846563593,0.7798174901035946,0.13500000000000004
58,0.6427864053759853,0.08240658613365455,0.7799499188107957,0.13500000000000004
59,0.6418652190008471,0.08249152501877324,0.7800767396067463,0.13500000000000004
60,0.6409452149852225,0.08257666242304593,0.7801979749817443,0.13500000000000004
61,0.6400263859420339,0.08266199754540493,0.7803136508347801,0.13500000000000004
62,0.6391087222358004,0.0827475295880459,0.7804237970476141,0.13500000000000004
63,0.6381922181161539,0.08283325774153913,0.7805284369105787,0.13500000000000004
64,0.6372768662681376,0.0829191812008175,0.7806275964668068,0.13500000000000004
65,0.6363626579108026,0.08300529915808966,0.7807213044631764,0.13500000000000004
66,0.6354495872632514,0.08309161078199623,0.7808095848257729,0.13500000000000004
67,0.6345376470243865,0.08317811523468083,0.7808924643447674,0.13500000000000004
68,0.6336268291944714,0.08326481167923569,0.7809699710905837,0.13500000000000004
69,0.6327171280148632,0.08335169927686428,0.7810421292673031,0.13500000000000004
70,0.6318085362271229,0.08343877719497433,0.7811089656802014,0.13500000000000004
71,0.6309010465522011,0.0835260445909431,0.7811705074076504,0.13500000000000004
72,0.6299946532259126,0.08361350060134178,0.7812267792763827,0.13500000000000004
73,0.6290893490996768,0.0837011443595136,0.781277808674739,0.13500000000000004
74,0.6281851275325959,0.0837889750032089,0.7813236220722874,0.13500000000000004
75,0.6272819827027505,0.08387699167782298,0.7813642444111836,0.13500000000000004
76,0.6263799076798446,0.08396519353129506,0.7813997026027149,0.13500000000000004
77,0.6254788963456045,0.08405357969310008,0.7814300225028548,0.13500000000000004
78,0.624578942777261,0.08414214927700936,0.7814552299524675,0.13500000000000004
79,0.6236800403629721,0.08423090140074292,0.7814753519929378,0.13500000000000004
80,0.6227821833452167,0.08431983519565542,0.7814904139653442,0.13500000000000004
81,0.6218853657160066,0.0844089498058241,0.7815004414789609,0.13500000000000004
82,0.6209895812527219,0.08449824436728842,0.7815054607141338,0.13500000000000004
83,0.6200948243770664,0.08458771799359327,0.7815054971583768,0.13500000000000004
84,0.6192010890660304,0.0846773697928364,0.7815005772296071,0.13500000000000004
85,0.6183083694731499,0.0847671988899337,0.7814907267832373,0.13500000000000004
86,0.6174166600465475,0.08485720443320113,0.7814759707862997,0.13500000000000004
87,0.6165259548589143,0.08494738557622535,0.7814563348218119,0.13500000000000004
88,0.6156362483435236,0.08503774145222084,0.7814318442400603,0.13500000000000004
89,0.6147475348987618,0.08512827117958935,0.7814025247587126,0.13500000000000004
90,0.6138598087778386,0.08521897389079951,0.7813684021464199,0.13500000000000004
91,0.6129730645427669,0.08530984874970335,0.7813295011133279,0.13500000000000004
92,0.6120872965543354,0.08540089493794856,0.7812858464522848,0.13500000000000004
93,0.6112024992568794,0.08549211162383921,0.7812374630851513,0.13500000000000004
94,0.6103186672162431,0.08558349795678702,0.7811843760930228,0.13500000000000004
95,0.6094357948278264,0.0856750530961525,0.7811266107217272,0.13500000000000004
96,0.608553876658666,0.08576677623737984,0.7810641913144645,0.13500000000000004
97,0.6076729072188862,0.08585866660339381,0.7809971418672808,0.13500000000000004
98,0.6067928809863548,0.0859507234101943,0.7809254865929565,0.13500000000000004
99,0.6059137925670675,0.08604294585266792,0.7808492498875699,0.13500000000000004
100,0.6050356364629579,0.08613533313071788,0.7807684562783253,0.13500000000000004
101,0.604158407246119,0.08622788448137242,0.7806831295475616,0.13500000000000004
102,0.603282099502989,0.08632059917513804,0.780593292895348,0.13500000000000004
103,0.6024067077783604,0.08641347647948244,0.7804989696831575,0.13500000000000004
104,0.6015322267245611,0.08650651563679422,0.7804001835590141,0.13500000000000004
105,0.6006586509673635,0.08659971588506803,0.7802969583282168,0.13500000000000004
106,0.5997859751690343,0.08669307649261383,0.7801893172280994,0.13500000000000004
107,0.5989141940452556,0.08678659676038532,0.780077282856575,0.13500000000000004
108,0.5980433023088343,0.08688027598738246,0.7799608778822765,0.13500000000000004
109,0.5971732947768353,0.08697411344316056,0.7798401253402543,0.13500000000000004
110,0.5963041663080957,0.08706810838049794,0.7797150485178692,0.13500000000000004
111,0.595435911806715,0.08716226006808542,0.7795856703706648,0.13500000000000004
112,0.5945685262547584,0.08725656779857072,0.7794520133221164,0.13500000000000004
113,0.5937020046745353,0.0873510308606418,0.7793140998227663,0.13500000000000004
114,0.5928363421946687,0.08744564851113867,0.7791719527253379,0.13500000000000004
115,0.591971534025749,0.08754041998087829,0.7790255952241318,0.13500000000000004
116,0.5911075754355414,0.08763534450293381,0.7788750503988926,0.13500000000000004
117,0.5902444617715461,0.08773042132456674,0.7787203409638762,0.13500000000000004
118,0.5893821884377193,0.08782564968715234,0.7785614896628023,0.13500000000000004
119,0.5885207509291882,0.08792102880113738,0.7783985196489008,0.13500000000000004
120,0.5876601448245962,0.08801655784800783,0.7782314544629214,0.13500000000000004
121,0.5868003657527211,0.08811223600507727,0.778060317653939,0.13500000000000004
122,0.5859414094004953,0.08820806246023938,0.7778851325044016,0.13500000000000004
123,0.5850832714987655,0.0883040363982068,0.7777059222975424,0.13500000000000004
124,0.5842259478376285,0.08840015697783285,0.777522710689718,0.13500000000000004
125,0.5833694342656821,0.08849642333098322,0.7773355217308444,0.13500000000000004
126,0.5825137266605507,0.08859283458462441,0.777144379526116,0.13500000000000004
127,0.5816588209278628,0.08868938987810293,0.7769493079325915,0.13500000000000004
128,0.5808047129930094,0.08878608835458549,0.7767503307241965,0.13500000000000004
129,0.5799513988069354,0.08888292913979537,0.7765474719557725,0.13500000000000004
130,0.5790988743479786,0.08897991133714543,0.7763407560448651,0.13500000000000004
131,0.5782471356007678,0.08907703404617516,0.7761302074832542,0.13500000000000004
132,0.5773961785519988,0.08917429638102665,0.7759158505182862,0.13500000000000004
133,0.5765459991861168,0.08927169746631161,0.7756977092328976,0.13500000000000004
134,0.5756965934870999,0.08936923641773607,0.7754758078832857,0.13500000000000004
135,0.5748479574408154,0.08946691233420352,0.7752501710331541,0.13500000000000004
136,0.5740000870216901,0.08956472431197143,0.775020823327158,0.13500000000000004
137,0.5731529781884004,0.08966267146231668,0.7747877891868995,0.13500000000000004
138,0.5723066268817495,0.08976075291023744,0.7745510928371375,0.13500000000000004
139,0.571461029024872,0.0898589677774011,0.7743107586051461,0.13500000000000004
140,0.5706161805252112,0.08995731517302752,0.7740668110770474,0.13500000000000004
141,0.5697720772668006,0.09005579420485654,0.7738192749177052,0.13500000000000004
142,0.568928715106984,0.09015440399532207,0.7735681745913877,0.13500000000000004
143,0.5680860898753678,0.09025314368164442,0.7733135343616266,0.13500000000000004
144,0.5672441973732903,0.09035201240062293,0.7730553785592171,0.13500000000000004
145,0.5664030333750615,0.09045100927921607,0.772793731745087,0.13500000000000004
146,0.5655625936237674,0.0905501334435912,0.772528618557881,0.13500000000000004
147,0.5647228738292067,0.09064938403438766,0.7722600634487531,0.13500000000000004
148,0.5638838696673696,0.09074876020804704,0.7719880906585574,0.13500000000000004
149,0.5630455767795643,0.09084826112316195,0.7717127244589144,0.13500000000000004
150,0.5622079907729307,0.09094788593066512,0.7714339893231275,0.13500000000000004
151,0.5613711072182586,0.09104763378095736,0.771151909804147,0.13500000000000004
152,0.5605349216489005,0.09114750383827636,0.7708665102836008,0.13500000000000004
153,0.5596994295605855,0.09124749528345835,0.7705778149233036,0.13500000000000004
154,0.5588646264105017,0.09134760730225559,0.7702858478716552,0.13500000000000004
155,0.5580305076173151,0.09144783907540412,0.7699906334374514,0.13500000000000004
156,0.5571970685600824,0.09154818978351506,0.7696921960053373,0.13500000000000004
157,0.5563643045778194,0.09164865861974693,0.7693905598137051,0.13500000000000004
158,0.5555322109695044,0.09174924479337408,0.76908574889177,0.13500000000000004
159,0.5547007829933025,0.09184994752019233,0.7687777872289192,0.13500000000000004
160,0.553870015866317,0.09195076601318046,0.768466698938455,0.13500000000000004
161,0.5530399047641039,0.09205169948568828,0.768152508201978,0.13500000000000004
162,0.5522104448206466,0.09215274716219257,0.7678352390804051,0.13500000000000004
163,0.5513816311285107,0.09225390828190695,0.7675149154501182,0.13500000000000004
164,0.5505534587382418,0.09235518209074176,0.7671915611446093,0.13500000000000004
165,0.5497259226580699,0.09245656783276202,0.7668652001042067,0.13500000000000004
166,0.5488990178537789,0.09255806475239683,0.7665358563370622,0.13500000000000004
167,0.5480727392489562,0.0926596721038622,0.7662035537532405,0.13500000000000004
168,0.5472470817253077,0.09276138915486314,0.7658683160990378,0.13500000000000004
169,0.5464220401222997,0.09286321517981154,0.7655301670760385,0.13500000000000004
170,0.545597609236969,0.09296514945187559,0.7651891304801632,0.13500000000000004
171,0.5447737838240425,0.0930671912443026,0.764845230177793,0.13500000000000004
172,0.5439505585964224,0.0931693398387724,0.7644984899583419,0.13500000000000004
173,0.5431279282256649,0.09327159452944823,0.7641489334622611,0.13500000000000004
174,0.5423058873419386,0.09337395461764444,0.7637965842740714,0.13500000000000004
175,0.541484430534048,0.09347641940459901,0.7634414660482758,0.13500000000000004
176,0.540663552349778,0.09357898819188773,0.763083602501027,0.13500000000000004
177,0.5398432472965875,0.09368166028846006,0.7627230172855455,0.13500000000000004
178,0.5390235098422872,0.09378443501470504,0.7623597339195995,0.13500000000000004
179,0.538204334415322,0.09388731169846282,0.7619937758544071,0.13500000000000004
180,0.5373857154050553,0.09399028966877446,0.7616251665829121,0.13500000000000004
181,0.5365676471623632,0.0940933682557347,0.7612539296408747,0.13500000000000004
182,0.535750124000512,0.0941965467962273,0.7608800885048351,0.13500000000000004
183,0.5349331401960458,0.0942998246375723,0.7605036665266385,0.13500000000000004
184,0.5341166899893732,0.09440320113435313,0.7601246869875016,0.13500000000000004
185,0.5333007675853421,0.09450667564297369,0.7597431731916047,0.13500000000000004
186,0.5324853671540648,0.09461024752120836,0.759359148472085,0.13500000000000004
187,0.5316704828319789,0.09471391613295782,0.7589726361059135,0.13500000000000004
188,0.5308561087229284,0.09481768085149665,0.7585836592551322,0.13500000000000004
189,0.5300422388990398,0.09492154105684285,0.7581922410109191,0.13500000000000004
190,0.5292288674015728,0.09502549613086136,0.7577984044770765,0.13500000000000004
191,0.528415988241953,0.09512954545647785,0.7574021727815415,0.13500000000000004
192,0.5276035954030218,0.09523368842157542,0.7570035690060062,0.13500000000000004
193,0.5267916828403072,0.09533792442194738,0.7566026161320414,0.13500000000000004
194,0.5259802444831277,0.095442252859259,0.7561993370744022,0.13500000000000004
195,0.5251692742357084,0.09554667313676937,0.7557937547532085,0.13500000000000004
196,0.5243587659784237,0.09565118465831647,0.7553858921090691,0.13500000000000004
197,0.5235487135692064,0.09575578683139252,0.7549757720468158,0.13500000000000004
198,0.5227391108449686,0.09586047906970524,0.7545634173882387,0.13500000000000004
199,0.5219299516229525,0.09596526079162808,0.75414885089643,0.13500000000000004
200,0.5211212297020369,0.09607013141663821,0.7537320953351037,0.13500000000000004
201,0.5203129388641743,0.09617509036435509,0.7533131734824554,0.13500000000000004
202,0.5195050728759406,0.09628013705702693,0.7528921080849662,0.13500000000000004
203,0.5186976254901063,0.09638527092167135,0.752468921817251,0.13500000000000004
204,0.5178905904471518,0.09649049138879351,0.752043637301437,0.13500000000000004
205,0.5170839614767624,0.09659579788937958,0.7516162771564474,0.13500000000000004
206,0.5162777322994179,0.09670118985406517,0.7511868640093434,0.13500000000000004
207,0.5154718966280614,0.09680666671523613,0.7507554204556932,0.13500000000000004
208,0.5146664481697802,0.09691222790885477,0.750321969024748,0.13500000000000004
209,0.5138613806274616,0.09701787287336357,0.749886532195341,0.13500000000000004
210,0.5130566877014344,0.09712360104708206,0.7494491324378749,0.13500000000000004
211,0.5122523630911642,0.0972294118674251,0.7490097922246215,0.13500000000000004
212,0.5114484004970175,0.0973353047726214,0.7485685339966184,0.13500000000000004
213,0.5106447936220283,0.09744127920323356,0.7481253801340587,0.13500000000000004
214,0.5098415361736494,0.0975473346012272,0.7476803529691476,0.13500000000000004
215,0.5090386218654871,0.09765347040776579,0.747233474820997,0.13500000000000004
216,0.5082360444190794,0.09775968606251575,0.7467847680042834,0.13500000000000004
217,0.5074337975657113,0.09786598100501573,0.7463342548021654,0.13500000000000004
218,0.5066318750482367,0.09797235467584807,0.7458819574426537,0.13500000000000004
219,0.505830270622877,0.09807880651578449,0.7454278981100511,0.13500000000000004
220,0.5050289780610151,0.0981853359639474,0.7449720989733732,0.13500000000000004
221,0.5042279911510044,0.09829194245729148,0.7445145821919117,0.13500000000000004
222,0.5034273037000115,0.09839862543176012,0.7440553698918351,0.13500000000000004
223,0.5026269095358373,0.09850538432317463,0.7435944841474819,0.13500000000000004
224,0.5018268025087465,0.09861221856640369,0.7431319469923285,0.13500000000000004
225,0.5010269764932455,0.09871912759380969,0.7426677804424902,0.13500000000000004
226,0.5002274253899182,0.09882611083488815,0.7422020064995238,0.13500000000000004
227,0.49942814312722317,0.0989331677172843,0.7417346471295749,0.13500000000000004
228,0.4986291236633078,0.09904029766747904,0.7412657242482271,0.13500000000000004
229,0.49783036098779826,0.09914750011001117,0.7407952597306244,0.13500000000000004
230,0.497031849123552,0.09925477446617716,0.7403232754306293,0.13500000000000004
231,0.4962335821284487,0.09936212015379409,0.7398497931815939,0.13500000000000004
232,0.4954355540971348,0.09946953658805816,0.7393748347783691,0.13500000000000004
233,0.4946377591627711,0.09957702318202921,0.7388984219657742,0.13500000000000004
234,0.49384019149875685,0.09968457934590347,0.7384205764479614,0.13500000000000004
235,0.49304284532042914,0.09979220448596669,0.7379413199032949,0.13500000000000004
236,0.4922457148867452,0.09989989800449642,0.7374606739829335,0.13500000000000004
237,0.491448794501962,0.10000765930047845,0.7369786602954425,0.13500000000000004
238,0.4906520785172816,0.10011548776989054,0.7364953003989261,0.13500000000000004
239,0.4898555613324733,0.10022338280499925,0.7360106158101511,0.13500000000000004
240,0.48905923739747054,0.10033134379353727,0.7355246280157455,0.13500000000000004
241,0.4882631012139505,0.10043937011874418,0.7350373584686061,0.13500000000000004
242,0.4874671473368803,0.10054746115999186,0.7345488285743488,0.13500000000000004
243,0.48667137037605496,0.10065561629292334,0.7340590596861414,0.13500000000000004
244,0.4858757649975811,0.10076383488879855,0.7335680731132268,0.13500000000000004
245,0.4850803259253524,0.10087211631387474,0.7330758901288534,0.13500000000000004
246,0.48428504794248634,0.10098045992956108,0.7325825319650058,0.13500000000000004
247,0.48348992589273776,0.1010888650929628,0.7320880198005207,0.13500000000000004
248,0.48269495468188517,0.10119733115692911,0.7315923747577693,0.13500000000000004
249,0.4819001292790693,0.10130585746949373,0.7310956179098111,0.13500000000000004
250,0.48110544471812366,0.10141444337346764,0.7305977702849538,0.13500000000000004
251,0.48031089609885114,0.10152308820668796,0.730098852860182,0.13500000000000004
252,0.4795164785882917,0.10163179130247074,0.7295988865511359,0.13500000000000004
253,0.4787221874219364,0.10174055198958054,0.7290978922104565,0.13500000000000004
254,0.47792801790492373,0.10184936959177487,0.7285958906334242,0.13500000000000004
255,0.47713396541319303,0.10195824342759824,0.7280929025594036,0.13500000000000004
256,0.4763400253946161,0.10206717281070354,0.7275889486643279,0.13500000000000004
257,0.475546193370081,0.10217615705021871,0.7270840495525124,0.13500000000000004
258,0.47475246493456047,0.10228519545065116,0.7265782257563924,0.13500000000000004
259,0.4739588357581316,0.10239428731153376,0.7260714977407547,0.13500000000000004
260,0.473165301586973,0.10250343192737796,0.7255638859017662,0.13500000000000004
261,0.47237185824432043,0.10261262858803388,0.7250554105591502,0.13500000000000004
262,0.47157850163139936,0.1027218765789738,0.7245460919497233,0.13500000000000004
263,0.47078522772831904,0.10283117518117188,0.7240359502278876,0.13500000000000004
264,0.46999203259493033,0.10294052367086326,0.7235250054682361,0.13500000000000004
265,0.4691989123716619,0.10304992131962523,0.7230132776627192,0.13500000000000004
266,0.46840586328030903,0.10315936739473677,0.7225007867131643,0.13500000000000004
267,0.4676128816248093,0.10326886115938155,0.7219875524264994,0.13500000000000004
268,0.46681996379196833,0.10337840187253275,0.7214735945154789,0.13500000000000004
269,0.46602710625216653,0.10348798878883542,0.7209589325994863,0.13500000000000004
270,0.46523430556002315,0.10359762115879134,0.7204435862002738,0.13500000000000004
271,0.46444155835504103,0.10370729822909135,0.7199275747352463,0.13500000000000004
272,0.4636488613622096,0.10381701924274567,0.7194109175142578,0.13500000000000004
273,0.46285621139258637,0.10392678343898666,0.7188936337403165,0.13500000000000004
274,0.46206360534383395,0.10403659005326069,0.7183757425088548,0.13500000000000004
275,0.4612710402007371,0.1041464383174727,0.7178572628027546,0.13500000000000004
276,0.46047851303568876,0.10425632746026997,0.7173382134867774,0.13500000000000004
277,0.45968602100913447,0.10436625670711011,0.7168186133057312,0.13500000000000004
278,0.45889356136999854,0.10447622528019185,0.7162984808850013,0.13500000000000004
279,0.4581011314560648,0.10458623239852224,0.7157778347288475,0.13500000000000004
280,0.45730872869433586,0.10469627727816808,0.7152566932156321,0.13500000000000004
281,0.4565163506013582,0.10480635913246414,0.7147350745938468,0.13500000000000004
282,0.45572399478351433,0.10491647717202737,0.7142129969814894,0.13500000000000004
283,0.45493165893727455,0.10502663060471823,0.7136904783664035,0.13500000000000004
284,0.45413934084942825,0.1051368186357477,0.7131675366041965,0.13500000000000004
285,0.4533470383972745,0.1052470404678903,0.7126441894144435,0.13500000000000004
286,0.4525547495487685,0.10535729530160065,0.7121204543786056,0.13500000000000004
287,0.45176247236265993,0.10546758233497835,0.7115963489405277,0.13500000000000004
288,0.45097020498856055,0.10557790076374945,0.7110718904067785,0.13500000000000004
289,0.450177945667002,0.1056882497813764,0.7105470959448436,0.13500000000000004
290,0.4493856927294412,0.10579862857920078,0.7100219825808581,0.13500000000000004
291,0.44859344459823486,0.10590903634646504,0.709496567199443,0.13500000000000004
292,0.4478011997865667,0.10601947227023871,0.7089708665452285,0.13500000000000004
293,0.44700895689834513,0.10612993553539794,0.708444897223531,0.13500000000000004
294,0.44621671462804985,0.10624042532470236,0.7079186756994789,0.13500000000000004
295,0.44542447176053757,0.10635094081884862,0.7073922182976038,0.13500000000000004
296,0.4446322271708059,0.10646148119641005,0.7068655412034222,0.13500000000000004
297,0.4438399798237166,0.10657204563373365,0.7063386604658,0.13500000000000004
298,0.4430477287736687,0.10668263330490772,0.705811591998212,0.13500000000000004
299,0.44225547316422187,0.10679324338178454,0.7052843515791615,0.13500000000000004
300,0.44146321222768314,0.10690387503394759,0.7047569548535924,0.13500000000000004
301,0.4406709452846361,0.10701452742859574,0.7042294173357909,0.13500000000000004
302,0.43987867174343137,0.10712519973043078,0.7037017544122943,0.13500000000000004
303,0.4390863910996208,0.10723589110161452,0.7031739813437194,0.13500000000000004
304,0.43829410293534127,0.10734660070174348,0.7026461132663826,0.13500000000000004
305,0.4375018069186634,0.10745732768776046,0.7021181651950319,0.13500000000000004
306,0.43670950280287124,0.10756807121382331,0.7015901520264101,0.13500000000000004
307,0.43591719042571353,0.10767883043120743,0.7010620885422931,0.13500000000000004
308,0.43512486970858383,0.10778960448826651,0.70053398941167,0.13500000000000004
309,0.4343325406556817,0.10790039253038289,0.7000058691931218,0.13500000000000004
310,0.43354020335309607,0.10801119369987079,0.6994777423381191,0.13500000000000004
311,0.43274785796786436,0.10812200713586909,0.6989496231945282,0.13500000000000004
312,0.4319555047469816,0.10823283197428382,0.698421526009363,0.13500000000000004
313,0.4311631440163525,0.10834366734776794,0.6978934649310055,0.13500000000000004
314,0.4303707761797266,0.10845451238567932,0.6973654540118164,0.13500000000000004
315,0.4295784017175663,0.10856536621401144,0.6968375072113078,0.13500000000000004
316,0.4287860211858932,0.10867622795534071,0.6963096383990698,0.13500000000000004
317,0.42799363521509637,0.10878709672882064,0.6957818613569737,0.13500000000000004
318,0.4272012445086919,0.10889797165019299,0.6952541897811708,0.13500000000000004
319,0.42640884984206556,0.10900885183177533,0.694726637284509,0.13500000000000004
320,0.4256164520611791,0.10911973638244027,0.6941992173991458,0.13500000000000004
321,0.42482405208124047,0.1092306244076268,0.69367194357868,0.13500000000000004
322,0.42403165088536066,0.10934151500938491,0.6931448291997522,0.13500000000000004
323,0.42323924952317954,0.109452407286421,0.6926178875636767,0.13500000000000004
324,0.4224468491094691,0.10956330033412615,0.6920911318983989,0.13500000000000004
325,0.42165445082271685,0.10967419324461125,0.6915645753603644,0.13500000000000004
326,0.4208620559037028,0.1097850851067732,0.6910382310358829,0.13500000000000004
327,0.42006966565403864,0.10989597500638278,0.6905121119421911,0.13500000000000004
328,0.41927728143472975,0.11000686202616064,0.6899862310286735,0.13500000000000004
329,0.418484904664685,0.1101177452458488,0.6894606011782457,0.13500000000000004
330,0.4176925368192567,0.11022862374229414,0.6889352352084845,0.13500000000000004
331,0.4169001794287453,0.1103394965895596,0.6884101458723564,0.13500000000000004
332,0.41610783407691987,0.11045036285903946,0.6878853458588521,0.13500000000000004
333,0.4153155023995283,0.11056122161956503,0.687360847793796,0.13500000000000004
334,0.41452318608280336,0.11067207193751086,0.6868366642406549,0.13500000000000004
335,0.4137308868619777,0.11078291287691824,0.6863128077010443,0.13500000000000004
336,0.4129386065198014,0.11089374349963384,0.6857892906149787,0.13500000000000004
337,0.4121463468850546,0.11100456286544638,0.6852661253611659,0.13500000000000004
338,0.41135410983108167,0.11111537003221435,0.6847433242574115,0.13500000000000004
339,0.41056189727432524,0.11122616405600058,0.6842208995609129,0.13500000000000004
340,0.4097697111728592,0.1113369439912233,0.6836988634682823,0.13500000000000004
341,0.4089775535249609,0.11144770889081038,0.6831772281154537,0.13500000000000004
342,0.408185426367652,0.1115584578063514,0.682656005577676,0.13500000000000004
343,0.4073933317753027,0.11166918978824189,0.6821352078695391,0.13500000000000004
344,0.4066012718582028,0.11177990388584086,0.6816148469448284,0.13500000000000004
345,0.40580924876118235,0.11189059914763504,0.6810949346961939,0.13500000000000004
346,0.405017264662223,0.11200127462140505,0.680575482954802,0.13500000000000004
347,0.4042253217711069,0.11211192935438327,0.6800565034900654,0.13500000000000004
348,0.40343342232806345,0.11222256239341505,0.6795380080093234,0.13500000000000004
349,0.40264156860244893,0.11233317278512628,0.6790200081573631,0.13500000000000004
350,0.40184976289144064,0.11244375957609609,0.678502515515838,0.13500000000000004
351,0.4010580075187405,0.11255432181302588,0.6779855416027307,0.13500000000000004
352,0.40026630483331577,0.11266485854290309,0.6774690978718454,0.13500000000000004
353,0.39947465720814657,0.11277536881316942,0.6769531957122168,0.13500000000000004
354,0.39868306703899636,0.11288585167189444,0.676437846447397,0.13500000000000004
355,0.3978915367432092,0.1129963061679483,0.6759230613347134,0.13500000000000004
356,0.39710006875851955,0.11310673135117029,0.6754088515645793,0.13500000000000004
357,0.39630866554190036,0.11321712627253408,0.6748952282597979,0.13500000000000004
358,0.39551732956840746,0.11332748998431923,0.6743822024747712,0.13500000000000004
359,0.39472606333006605,0.11343782154028276,0.6738697851946434,0.13500000000000004
360,0.39393486933478167,0.1135481199958272,0.6733579873344631,0.13500000000000004
361,0.39314375010525093,0.11365838440816695,0.672846819738378,0.13500000000000004
362,0.39235270817792706,0.11376861383649145,0.6723362931787944,0.13500000000000004
363,0.39156174610197814,0.11387880734213354,0.6718264183554652,0.13500000000000004
364,0.39077086643829373,0.11398896398873451,0.6713172058945591,0.13500000000000004
365,0.38998007175848876,0.1140990828424072,0.6708086663477653,0.13500000000000004
366,0.3891893646439549,0.11420916297189407,0.6703008101914096,0.13500000000000004
367,0.388398747684926,0.11431920344872672,0.6697936478255231,0.13500000000000004
368,0.38760822347955437,0.11442920334738695,0.6692871895728745,0.13500000000000004
369,0.38681779463302746,0.11453916174546294,0.6687814456780163,0.13500000000000004
370,0.3860274637567064,0.1146490777238015,0.6682764263063647,0.13500000000000004
371,0.38523723346726746,0.11475895036666077,0.6677721415432694,0.13500000000000004
372,0.3844471063858951,0.11486877876185984,0.6672686013930508,0.13500000000000004
373,0.3836570851374723,0.1149785620009294,0.6667658157780313,0.13500000000000004
374,0.38286717234981377,0.11508829917925645,0.6662637945375951,0.13500000000000004
375,0.3820773706528958,0.11519798939622797,0.6657625474272704,0.13500000000000004
376,0.38128768267814994,0.11530763175536966,0.6652620841177959,0.13500000000000004
377,0.380498111057729,0.1154172253644882,0.6647624141941738,0.13500000000000004
378,0.37970865842382784,0.11552676933580726,0.664263547154741,0.13500000000000004
379,0.3789193274080215,0.1156362627861,0.6637654924102694,0.13500000000000004
380,0.37813012064061063,0.1157457048368204,0.6632682592830776,0.13500000000000004
381,0.37734104075000524,0.1158550946142316,0.6627718570061331,0.13500000000000004
382,0.3765520903621169,0.11596443124953312,0.6622762947221574,0.13500000000000004
383,0.3757632720997782,0.11607371387898369,0.6617815814827657,0.13500000000000004
384,0.37497458858217336,0.11618294164402156,0.6612877262476273,0.13500000000000004
385,0.3741860424243072,0.11629211369138097,0.6607947378836332,0.13500000000000004
386,0.37339763623647393,0.11640122917320848,0.6603026251640636,0.13500000000000004
387,0.37260937262375127,0.11651028724717578,0.6598113967677788,0.13500000000000004
388,0.3718212541855258,0.1166192870765875,0.6593210612784399,0.13500000000000004
389,0.3710332835150171,0.11672822783048807,0.6588316271837489,0.13500000000000004
390,0.3702454631988389,0.11683710868376475,0.6583431028746942,0.13500000000000004
391,0.3694577958165625,0.1169459288172497,0.6578554966448109,0.13500000000000004
392,0.3686702839403122,0.11705468741781698,0.6573688166894713,0.13500000000000004
393,0.36788293013436335,0.11716338367847781,0.6568830711052018,0.13500000000000004
394,0.3670957369547739,0.11727201679847188,0.6563982678890138,0.13500000000000004
395,0.3663087069490225,0.11738058598335699,0.6559144149377487,0.13500000000000004
396,0.36552184265566035,0.11748909044509634,0.6554315200474441,0.13500000000000004
397,0.36473514660399076,0.11759752940214088,0.6549495909127354,0.13500000000000004
398,0.36394862131375044,0.11770590207951054,0.6544686351262736,0.13500000000000004
399,0.36316226929482565,0.11781420770887091,0.6539886601781626,0.13500000000000004
400,0.3623760930469513,0.11792244552861066,0.6535096734554132,0.13500000000000004
401,0.36159009505947126,0.11803061478391104,0.6530316822414287,0.13500000000000004
402,0.3608042778110623,0.11813871472681747,0.6525546937155144,0.13500000000000004
403,0.3600186437695116,0.11824674461630463,0.6520787149524094,0.13500000000000004
404,0.3592331953914907,0.11835470371834073,0.6516037529218364,0.13500000000000004
405,0.35844793512233936,0.11846259130594955,0.6511298144880732,0.13500000000000004
406,0.3576628653958793,0.11857040665926744,0.6506569064095591,0.13500000000000004
407,0.35687798863421943,0.11867814906560015,0.6501850353385183,0.13500000000000004
408,0.35609330724758964,0.11878581781947517,0.6497142078206086,0.13500000000000004
409,0.3553088236341834,0.11889341222269234,0.6492444302945879,0.13500000000000004
410,0.35452454018000523,0.11900093158437194,0.6487757090920105,0.13500000000000004
411,0.3537404592587418,0.1191083752209991,0.6483080504369486,0.13500000000000004
412,0.35295658323163076,0.11921574245646682,0.6478414604457368,0.13500000000000004
413,0.3521729144473455,0.11932303262211658,0.6473759451267342,0.13500000000000004
414,0.35138945524190407,0.11943024505677446,0.6469115103801156,0.13500000000000004
415,0.3506062079385662,0.11953737910678736,0.6464481619976852,0.13500000000000004
416,0.34982317484775094,0.11964443412605527,0.6459859056627165,0.13500000000000004
417,0.3490403582669731,0.11975140947606065,0.6455247469498124,0.13500000000000004
418,0.34825776048076684,0.1198583045258976,0.645064691324786,0.13500000000000004
419,0.34747538376064596,0.11996511865229587,0.6446057441445683,0.13500000000000004
420,0.3466932303650463,0.1200718512396449,0.6441479106571408,0.13500000000000004
421,0.3459113025392999,0.12017850168001373,0.6436911960014868,0.13500000000000004
422,0.3451296025156039,0.12028506937316982,0.643235605207566,0.13500000000000004
423,0.34434813251299523,0.12039155372659587,0.642781143196311,0.13500000000000004
424,0.343566894737348,0.12049795415550295,0.6423278147796487,0.13500000000000004
425,0.3427858913813675,0.12060427008284258,0.6418756246605422,0.13500000000000004
426,0.34200512462458776,0.12071050093931704,0.6414245774330538,0.13500000000000004
427,0.3412245966333925,0.12081664616338611,0.6409746775824288,0.13500000000000004
428,0.34044430956102756,0.12092270520127317,0.640525929485201,0.13500000000000004
429,0.33966426554761725,0.1210286775069695,0.6400783374093222,0.13500000000000004
430,0.33888446672021455,0.12113456254223384,0.6396319055143098,0.13500000000000004
431,0.3381049151928258,0.1212403597765935,0.6391866378514124,0.13500000000000004
432,0.3373256130664513,0.1213460686873421,0.6387425383638003,0.13500000000000004
433,0.3365465624291476,0.12145168875953408,0.6382996108867738,0.13500000000000004
434,0.33576776535606917,0.12155721948597997,0.6378578591479904,0.13500000000000004
435,0.33498922390953934,0.12166266036723736,0.6374172867677145,0.13500000000000004
436,0.3342109401391097,0.12176801091160186,0.6369778972590807,0.13500000000000004
437,0.33343291608163655,0.12187327063509501,0.6365396940283824,0.13500000000000004
438,0.3326551537613472,0.12197843906145205,0.6361026803753741,0.13500000000000004
439,0.33187765518993484,0.12208351572210542,0.6356668594935954,0.13500000000000004
440,0.3311004223666294,0.12218850015616974,0.6352322344707095,0.13500000000000004
441,0.3303234572782942,0.12229339191042271,0.6347988082888638,0.13500000000000004
442,0.329546761899521,0.12239819053928525,0.6343665838250634,0.13500000000000004
443,0.328770338192721,0.1225028956048006,0.633935563851565,0.13500000000000004
444,0.32799418810822956,0.12260750667661105,0.6335057510362889,0.13500000000000004
445,0.327218313584414,0.12271202333193329,0.6330771479432415,0.13500000000000004
446,0.3264427165477724,0.12281644515553335,0.6326497570329614,0.13500000000000004
447,0.32566739891305724,0.12292077173969795,0.6322235806629781,0.13500000000000004
448,0.3248923625833779,0.12302500268420702,0.6317986210882865,0.13500000000000004
449,0.32411760945032797,0.12312913759630253,0.6313748804618371,0.13500000000000004
450,0.3233431413940979,0.12323317609065768,0.6309523608350432,0.13500000000000004
451,0.32256896028360393,0.12333711778934345,0.6305310641583015,0.13500000000000004
452,0.3217950679766074,0.12344096232179506,0.6301109922815276,0.13500000000000004
453,0.3210214663198463,0.1235447093247762,0.6296921469547071,0.13500000000000004
454,0.320248157149165,0.12364835844234226,0.6292745298284605,0.13500000000000004
455,0.31947514228964,0.1237519093258032,0.6288581424546218,0.13500000000000004
456,0.3187024235557233,0.1238553616336834,0.6284429862868314,0.13500000000000004
457,0.3179300027513685,0.1239587150316824,0.6280290626811431,0.13500000000000004
458,0.3171578816701768,0.1240619691926327,0.6276163728966435,0.13500000000000004
459,0.316386062095519,0.12416512379645882,0.6272049180960853,0.13500000000000004
460,0.3156145458006986,0.12426817853013153,0.6267946993465325,0.13500000000000004
461,0.31484333454906954,0.12437113308762551,0.6263857176200203,0.13500000000000004
462,0.31407243009419283,0.1244739871698723,0.6259779737942246,0.13500000000000004
463,0.3133018341799745,0.1245767404847141,0.6255714686531468,0.13500000000000004
464,0.31253154854080595,0.12467939274685652,0.6251662028878081,0.13500000000000004
465,0.31176157490171097,0.12478194367781979,0.6247621770969569,0.13500000000000004
466,0.3109919149784914,0.12488439300588909,0.6243593917877882,0.13500000000000004
467,0.31022257047786844,0.12498674046606467,0.6239578473766723,0.13500000000000004
468,0.3094535430976299,0.12508898580001027,0.6235575441898971,0.13500000000000004
469,0.3086848345267769,0.12519112875600097,0.6231584824644201,0.13500000000000004
470,0.3079164464456633,0.12529316908887086,0.6227606623486308,0.13500000000000004
471,0.30714838052614785,0.12539510655995856,0.6223640839031251,0.13500000000000004
472,0.30638063843173463,0.12549694093705321,0.6219687471014874,0.13500000000000004
473,0.3056132218177167,0.12559867199433927,0.6215746518310865,0.13500000000000004
474,0.3048461323313273,0.12570029951233982,0.6211817978938781,0.13500000000000004
475,0.3040793716118761,0.1258018232778606,0.6207901850072178,0.13500000000000004
476,0.30331294129089215,0.12590324308393255,0.6203998128046858,0.13500000000000004
477,0.30254684299227275,0.12600455872975316,0.6200106808369172,0.13500000000000004
478,0.3017810783324157,0.12610577002062856,0.6196227885724443,0.13500000000000004
479,0.30101564892036836,0.12620687676791334,0.619236135398547,0.13500000000000004
480,0.3002505563579626,0.12630787878895108,0.6188507206221108,0.13500000000000004
481,0.29948580223995214,0.12640877590701385,0.6184665434704943,0.13500000000000004
482,0.29872138815415145,0.1265095679512409,0.618083603092406,0.13500000000000004
483,0.29795731568157086,0.12661025475657728,0.6177018985587848,0.13500000000000004
484,0.2971935863965505,0.12671083616371143,0.6173214288636946,0.13500000000000004
485,0.2964302018668921,0.12681131201901286,0.6169421929252217,0.13500000000000004
486,0.29566716365399515,0.12691168217446855,0.61656418958638,0.13500000000000004
487,0.2949044733129788,0.12701194648762,0.616187417616027,0.13500000000000004
488,0.294142132392816,0.12711210482149876,0.6158118757097812,0.13500000000000004
489,0.29338014243645566,0.1272121570445624,0.6154375624909515,0.13500000000000004
490,0.2926185049809486,0.12731210303062956,0.6150644765114681,0.13500000000000004
491,0.2918572215575714,0.12741194265881456,0.6146926162528255,0.13500000000000004
492,0.29109629369194157,0.12751167581346254,0.6143219801270243,0.13500000000000004
493,0.2903357229041454,0.1276113023840827,0.6139525664775252,0.13500000000000004
494,0.2895755107088358,0.12771082226528388,0.6135843735802047,0.13500000000000004
495,0.2888156586153711,0.12781023535670588,0.6132173996443175,0.13500000000000004
496,0.28805616812790963,0.12790954156295448,0.6128516428134625,0.13500000000000004
497,0.28729704074552154,0.12800874079353422,0.6124871011665562,0.13500000000000004
498,0.2865382779622998,0.12810783296278108,0.6121237727188076,0.13500000000000004
499,0.2857798812674662,0.12820681798979505,0.6117616554226983,0.13500000000000004
500,0.28502185214546744,0.12830569579837325,0.6114007471689682,0.13500000000000004
501,0.2842641920760844,0.12840446631694152,0.6110410457876019,0.13500000000000004
502,0.28350690253452326,0.12850312947848722,0.6106825490488208,0.13500000000000004
503,0.2827499849915082,0.1286016852204917,0.6103252546640773,0.13500000000000004
504,0.28199344091338713,0.12870013348486115,0.6099691602870514,0.13500000000000004
505,0.28123727176220903,0.1287984742178597,0.6096142635146515,0.13500000000000004
506,0.28048147899581716,0.12889670737004094,0.609260561888016,0.13500000000000004
507,0.2797260640679335,0.1289948328961799,0.6089080528935168,0.13500000000000004
508,0.2789710284282466,0.12909285075520452,0.6085567339637645,0.13500000000000004
509,0.27821637352248346,0.1291907609101282,0.6082066024786172,0.13500000000000004
510,0.27746210079249234,0.12928856332798153,0.6078576557661858,0.13500000000000004
511,0.27670821167631915,0.12938625797974385,0.6075098911038452,0.13500000000000004
512,0.2759547076082762,0.12948384484027603,0.6071633057192415,0.13500000000000004
513,0.2752015900190187,0.12958132388825178,0.606817896791303,0.13500000000000004
514,0.2744488603356015,0.12967869510609115,0.606473661451248,0.13500000000000004
515,0.2736965199815555,0.1297759584798917,0.606130596783595,0.13500000000000004
516,0.2729445703769466,0.12987311399936158,0.6057886998271693,0.13500000000000004
517,0.2721930129384363,0.1299701616577521,0.6054479675761099,0.13500000000000004
518,0.27144184907933405,0.13006710145179123,0.6051083969808768,0.13500000000000004
519,0.2706910802096603,0.13016393338161597,0.6047699849492532,0.13500000000000004
520,0.26994070773619666,0.13026065745070597,0.6044327283473474,0.13500000000000004
521,0.2691907330625299,0.13035727366581784,0.6040966240005928,0.13500000000000004
522,0.2684411575891144,0.1304537820369175,0.6037616686947453,0.13500000000000004
523,0.2676919827133018,0.13055018257711598,0.6034278591768758,0.13500000000000004
524,0.2669432098293955,0.13064647530260287,0.6030951921563628,0.13500000000000004
525,0.2661948403286875,0.1307426602325814,0.6027636643058779,0.13500000000000004
526,0.2654468755994935,0.13083873738920399,0.6024332722623719,0.13500000000000004
527,0.2646993170272036,0.13093470679750632,0.6021040126280508,0.13500000000000004
528,0.2639521659942935,0.13103056848534558,0.6017758819713533,0.13500000000000004
529,0.26320542388037826,0.13112632248333442,0.6014488768279203,0.13500000000000004
530,0.26245909206223095,0.13122196882477885,0.6011229937015596,0.13500000000000004
531,0.26171317191381277,0.13131750754561505,0.6007982290652079,0.13500000000000004
532,0.26096766480630146,0.13141293868434673,0.6004745793618818,0.13500000000000004
533,0.26022257210811106,0.13150826228198334,0.6001520410056307,0.13500000000000004
534,0.2594778951849187,0.1316034783819782,0.5998306103824764,0.13500000000000004
535,0.25873363539967914,0.13169858703016785,0.5995102838513506,0.13500000000000004
536,0.2579897941126454,0.13179358827471127,0.5991910577450242,0.13500000000000004
537,0.25724637268138795,0.1318884821660295,0.5988729283710308,0.13500000000000004
538,0.2565033724608025,0.13198326875674674,0.5985558920125814,0.13500000000000004
539,0.2557607948031296,0.13207794810163076,0.5982399449294732,0.13500000000000004
540,0.25501864105795824,0.132172520257535,0.5979250833589909,0.13500000000000004
541,0.2542769125722429,0.13226698528334008,0.5976113035167996,0.13500000000000004
542,0.25353561069030794,0.13236134323989673,0.5972986015978289,0.13500000000000004
543,0.25279473675384856,0.13245559418996974,0.5969869737771503,0.13500000000000004
544,0.2520542921019469,0.13254973819818075,0.5966764162108462,0.13500000000000004
545,0.2513142780710794,0.13264377533095278,0.5963669250368694,0.13500000000000004
546,0.2505746959951216,0.13273770565645626,0.5960584963758947,0.13500000000000004
547,0.24983554720539333,0.13283152924455296,0.595751126332166,0.13500000000000004
548,0.24909683303074207,0.1329252461667418,0.5954448109943338,0.13500000000000004
549,0.24835855479775984,0.13301885649610268,0.5951395464363045,0.13500000000000004
550,0.24762071383136103,0.13311236030723478,0.5948353287181067,0.13500000000000004
551,0.24688331145619835,0.13320575767618575,0.5945321538868394,0.13500000000000004
552,0.24614634900033025,0.1332990486803455,0.594230017977823,0.13500000000000004
553,0.24540982780445578,0.13339223339826062,0.5939289170162967,0.13500000000000004
554,0.24467374924529278,0.133485311909241,0.5936288470204951,0.13500000000000004
555,0.24393811479461067,0.13357828429244317,0.5933298040082375,0.13500000000000004
556,0.24320292616819908,0.1336711506246269,0.5930317840123815,0.13500000000000004
557,0.24246818570121986,0.1337639109745754,0.5927347831186403,0.13500000000000004
558,0.2417338972931169,0.13385656538910257,0.5924387975596999,0.13500000000000004
559,0.24100006878351496,0.13394911385790675,0.592143823950924,0.13500000000000004
560,0.2402667179195375,0.1340415562252648,0.591849859881691,0.13500000000000004
561,0.23953388732417022,0.1341338919683178,0.5915569053989131,0.13500000000000004
562,0.2388016819832018,0.134226119640993,0.5912649667257379,0.13500000000000004
563,0.23807036290362205,0.13431823548141436,0.5909740655698611,0.13500000000000004
564,0.2373405800830915,0.13441022993252105,0.5906842623689127,0.13500000000000004
565,0.23661394653773304,0.13450207898612154,0.5903957140857186,0.13500000000000004
566,0.2358944214913072,0.13459372284597204,0.5901088165485227,0.13500000000000004
567,0.2351914645098092,0.1346850144495363,0.5898245473106771,0.13500000000000004
568,0.2345262664385623,0.13477560159737334,0.5895452479133032,0.13500000000000004
569,0.23393970543154452,0.13486469017663774,0.5892761812606577,0.13500000000000004
570,0.2334882834451774,0.13495070925817604,0.5890276757222899,0.13500000000000004
571,0.23320601234106364,0.13503123286274854,0.5888154560311992,0.13500000000000004
572,0.2330643334157023,0.13510368597175748,0.5886559101751025,0.13500000000000004
573,0.2329970106057301,0.13516632865676653,0.5885598360700445,0.13500000000000004
574,0.2329488677837419,0.13521850570524852,0.588530961476478,0.13500000000000004
575,0.2328894989351407,0.1352603213534788,0.5885681043744168,0.13500000000000004
576,0.23280566185245094,0.135292280946045,0.5886675356443116,0.13500000000000004
577,0.23269295604150636,0.13531506675645716,0.588824450853797,0.13500000000000004
578,0.23255109895281653,0.13532941922964262,0.5890337278856896,0.13500000000000004
579,0.23238166939846494,0.13533607706098716,0.5892902845251802,0.13500000000000004
580,0.23218708782595002,0.13533574888865296,0.5895892337510493,0.13500000000000004
581,0.2319701771213159,0.13532910348537003,0.5899259370825541,0.13500000000000004
582,0.23173400623465204,0.13531677135046388,0.590296001871211,0.13500000000000004
583,0.2314818899537883,0.13529935341335664,0.5906952411644506,0.13500000000000004
584,0.23121749329127025,0.1352774351860953,0.5911196012467663,0.13500000000000004
585,0.23094501602712533,0.1352516069948581,0.5915650543410331,0.13500000000000004
586,0.23066942497355214,0.13522249216569313,0.5920274494176123,0.13500000000000004
587,0.23039665031378112,0.13519078515497207,0.5925023130041267,0.13500000000000004
588,0.2301335567883485,0.1351572988557396,0.5929845993305032,0.13500000000000004
589,0.22988738446397022,0.13512300481753375,0.5934684307858569,0.13500000000000004
590,0.22966443273923834,0.1350890162782176,0.5939470066211026,0.13500000000000004
591,0.22946823118415977,0.13505649864857888,0.5944129425528655,0.13500000000000004
592,0.22929801698043045,0.13502658711745674,0.5948589626067744,0.13500000000000004
593,0.22914860922813046,0.13500029577216566,0.5952786937198129,0.13500000000000004
594,0.22901191712783678,0.13497841062451088,0.5956675095439359,0.13500000000000004
595,0.22887915963172148,0.13496143833945531,0.5960230164933148,0.13500000000000004
596,0.2287429989528931,0.13494960893423497,0.5963446002267108,0.13500000000000004
597,0.228598802905006,0.13494290106498036,0.5966327346918845,0.13500000000000004
598,0.2284447444265391,0.13494107187063542,0.5968888741111451,0.13500000000000004
599,0.22828132253596553,0.1349436957561691,0.5971154552469633,0.13500000000000004
600,0.22811071594839694,0.13495020942092303,0.5973157606822752,0.13500000000000004
601,0.2279360885055391,0.1349599512263514,0.5974937807486175,0.13500000000000004
602,0.22776092099995027,0.13497219169429425,0.5976540825778576,0.13500000000000004
603,0.22758842524800862,0.13498615926486415,0.5978016191392787,0.13500000000000004
604,0.22742107062605593,0.13500106867269532,0.5979414627377699,0.13500000000000004
605,0.22726026664575116,0.13501615720203092,0.5980785038250593,0.13500000000000004
606,0.22710627388180202,0.13503072659283016,0.5982171614400387,0.13500000000000004
607,0.22695837405812838,0.13504418120754635,0.5983611471613423,0.13500000000000004
608,0.22681522217013653,0.13505605267345205,0.598513328602523,0.13500000000000004
609,0.22667524216792787,0.13506600767986912,0.5986757051120181,0.13500000000000004
610,0.22653695958374018,0.13507384203217934,0.598849457779671,0.13500000000000004
611,0.22639922131039117,0.1350794668313606,0.5990350334327674,0.13500000000000004
612,0.22626129376712872,0.13508289269395404,0.5992322466935056,0.13500000000000004
613,0.22612286201362822,0.1350842158488807,0.5994403888295747,0.13500000000000004
614,0.22598396846444693,0.13508360691427745,0.599658326213498,0.13500000000000004
615,0.22584492301871378,0.13508130094543871,0.5998845801357668,0.13500000000000004
616,0.22570619957435045,0.13507758649584467,0.600117398686399,0.13500000000000004
617,0.22556832709211352,0.13507279142995648,0.6003548386627715,0.13500000000000004
618,0.22543178918711837,0.13506726412591888,0.6005948653639204,0.13500000000000004
619,0.22529694913322487,0.1350613513707679,0.6008354637673977,0.13500000000000004
620,0.2251640084451862,0.13505537767056955,0.6010747452489088,0.13500000000000004
621,0.22503299843350277,0.1350496308893111,0.6013110300102201,0.13500000000000004
622,0.22490380287984854,0.13504435495288974,0.6015428924113606,0.13500000000000004
623,0.22477620515313873,0.1350397465896448,0.6017691775385932,0.13500000000000004
624,0.22464994387621703,0.1350359531331398,0.6019890128014683,0.13500000000000004
625,0.22452476223617612,0.1350330705073583,0.6022018275628622,0.13500000000000004
626,0.22440044619819316,0.13503114218494602,0.6024073700595525,0.13500000000000004
627,0.22427685102423164,0.13503016065535384,0.6026057025964455,0.13500000000000004
628,0.22415391221862663,0.13503007268503395,0.6027971677239958,0.13500000000000004
629,0.22403163879626367,0.13503078815514172,0.6029823319615394,0.13500000000000004
630,0.2239100939171119,0.1350321905872729,0.603161919665222,0.13500000000000004
631,0.22378937006039262,0.1350341471188079,0.6033367511180081,0.13500000000000004
632,0.2236695634949778,0.13503651665462416,0.603507694852651,0.13500000000000004
633,0.22355075237395836,0.13503915618818768,0.6036756333346991,0.13500000000000004
634,0.22343298308739173,0.1350419260420416,0.6038414328257591,0.13500000000000004
635,0.22331626645546118,0.13504469480136702,0.6040059109117699,0.13500000000000004
636,0.22320058140810828,0.13504734422975662,0.6041698029778555,0.13500000000000004
637,0.22308588334442778,0.13504977385738087,0.6043337319831991,0.13500000000000004
638,0.2229721155003079,0.13505190458378669,0.6044981849599868,0.13500000000000004
639,0.2228592208673381,0.1350536806977804,0.6046634997820943,0.13500000000000004
640,0.22274715142230306,0.13505507005409925,0.6048298651836139,0.13500000000000004
641,0.2226358731539049,0.13505606254715719,0.6049973330611595,0.13500000000000004
642,0.22252536744832835,0.13505666738155386,0.6051658382726708,0.13500000000000004
643,0.22241562961115854,0.13505690986123126,0.6053352208819849,0.13500000000000004
644,0.22230666497144128,0.1350568283544314,0.6055052475122986,0.13500000000000004
645,0.22219848358474356,0.13505647171531762,0.6056756299599428,0.13500000000000004
646,0.22209109514787034,0.1350558969684572,0.6058460408658921,0.13500000000000004
647,0.2219845052535751,0.13505516678757365,0.6060161283868053,0.13500000000000004
648,0.22187871319361102,0.13505434638027594,0.6061855326913412,0.13500000000000004
649,0.22177371124359993,0.13505349976534026,0.6063539052732276,0.13500000000000004
650,0.22166948547045986,0.13505268589072353,0.606520928932619,0.13500000000000004
651,0.2215660177838862,0.1350519553246725,0.6066863345865776,0.13500000000000004
652,0.22146328844516686,0.13505134815712252,0.6068499118398418,0.13500000000000004
653,0.22136127830564997,0.13505089329821454,0.6070115124602691,0.13500000000000004
654,0.2212599705090734,0.13505060884301268,0.6071710482698707,0.13500000000000004
655,0.22115935156245006,0.1350505029161539,0.6073284865029263,0.13500000000000004
656,0.221059411602995,0.13505057452442412,0.6074838454594258,0.13500000000000004
657,0.22096014386507246,0.135050814279985,0.6076371912516139,0.13500000000000004
658,0.22086154369544247,0.1350512051688803,0.6077886341872056,0.13500000000000004
659,0.2207636075091388,0.13505172365606347,0.6079383226767636,0.13500000000000004
660,0.22066633184630718,0.1350523413086535,0.6080864336637575,0.13500000000000004
661,0.2205697125874123,0.13505302687956705,0.6082331602062848,0.13500000000000004
662,0.2204737444613839,0.13505374857523586,0.6083786979575818,0.13500000000000004
663,0.22037842094847296,0.13505447614778796,0.6085232326780294,0.13500000000000004
664,0.22028373449803557,0.13505518252510515,0.60866693056967,0.13500000000000004
665,0.22018967689925922,0.13505584486202077,0.6088099322070549,0.13500000000000004
666,0.2200962397168511,0.13505644507410863,0.608952349624126,0.13500000000000004
667,0.22000341474143312,0.13505697002909967,0.6090942654212834,0.13500000000000004
668,0.2199111943501131,0.13505741158263376,0.6092357328352921,0.13500000000000004
669,0.21981957167434574,0.13505776656220436,0.6093767762454236,0.13500000000000004
670,0.21972854057381105,0.1350580366778006,0.6095173921838357,0.13500000000000004
671,0.21963809548551472,0.13505822824389585,0.6096575513677384,0.13500000000000004
672,0.2195482311984459,0.13505835158937785,0.6097972023770799,0.13500000000000004
673,0.21945894258627294,0.1350584201141089,0.6099362772058994,0.13500000000000004
674,0.2193702243608431,0.13505844907856068,0.6100746981835756,0.13500000000000004
675,0.2192820709183374,0.1350584543187448,0.6102123851643505,0.13500000000000004
676,0.2191944763002943,0.13505845110564801,0.6103492617900352,0.13500000000000004
677,0.21910743424536874,0.13505845330076957,0.6104852600442179,0.13500000000000004
678,0.21902093830758795,0.1350584728341991,0.6106203229812193,0.13500000000000004
679,0.218934982022355,0.13505851941892344,0.6107544061145196,0.13500000000000004
680,0.21884955908096104,0.1350586003737104,0.6108874782069155,0.13500000000000004
681,0.21876466346265883,0.13505872046940956,0.6110195219875301,0.13500000000000004
682,0.2186802894986069,0.13505888180235473,0.6111505347895951,0.13500000000000004
683,0.2185964318734624,0.1350590837735337,0.6112805286432291,0.13500000000000004
684,0.21851308557717514,0.1350593232668391,0.6114095292795636,0.13500000000000004
685,0.21843024581805617,0.13505959506678306,0.6115375738189044,0.13500000000000004
686,0.2183479079189448,0.1350598924690143,0.6116647073990128,0.13500000000000004
687,0.21826606722636574,0.13506020796716578,0.6117909793786949,0.13500000000000004
688,0.21818471905100695,0.13506053388428196,0.6119164398444071,0.13500000000000004
689,0.2181038586408495,0.13506086285947255,0.6120411369212737,0.13500000000000004
690,0.21802348118367737,0.13506118817246715,0.6121651149830355,0.13500000000000004
691,0.21794358183622398,0.13506150395067046,0.6122884135055107,0.13500000000000004
692,0.21786415577048376,0.1350618053260546,0.6124110661941802,0.13500000000000004
693,0.2177851982210908,0.13506208858767438,0.6125331001493013,0.13500000000000004
694,0.21770670452153543,0.13506235132877784,0.6126545350851902,0.13500000000000004
695,0.21762867012564105,0.13506259254580583,0.6127753828345922,0.13500000000000004
696,0.21755109061366518,0.1350628126344807,0.6128956474292311,0.13500000000000004
697,0.21747396168244007,0.13506301325128126,0.6130153259220519,0.13500000000000004
698,0.21739727912288842,0.1350631970528039,0.6131344098731568,0.13500000000000004
699,0.2173210387928135,0.1350633673664483,0.6132528871966254,0.13500000000000004
700,0.21724523659194656,0.13506352786256315,0.6133707439805384,0.13500000000000004
701,0.2171698684423546,0.13506368228364876,0.613487965979717,0.13500000000000004
702,0.21709493027613502,0.13506383425027083,0.6136045396772636,0.13500000000000004
703,0.21702041803261368,0.13506398712647755,0.6137204530084435,0.13500000000000004
704,0.21694632766503624,0.13506414390904087,0.6138356959415101,0.13500000000000004
705,0.21687265515344295,0.13506430711225967,0.6139502610728802,0.13500000000000004
706,0.21679939651974514,0.13506447864582438,0.61406414425448,0.13500000000000004
707,0.2167265478423741,0.13506465971008227,0.6141773451238792,0.13500000000000004
708,0.21665410526819154,0.1350648507444963,0.6142898673468115,0.13500000000000004
709,0.21658206501923888,0.1350650514545391,0.6144017184409125,0.13500000000000004
710,0.21651042339332674,0.13506526091624882,0.614512909189445,0.13500000000000004
711,0.21643917675961324,0.13506547773123506,0.6146234527934448,0.13500000000000004
712,0.2163683215511181,0.13506570019234734,0.6147333639761743,0.13500000000000004
713,0.2162978542556495,0.1350659264270127,0.6148426582160775,0.13500000000000004
714,0.21622777140662994,0.13506615450563314,0.6149513511732739,0.13500000000000004
715,0.21615806957558148,0.13506638252383973,0.61505945825878,0.13500000000000004
716,0.21608874536737654,0.13506660867808168,0.6151669942398812,0.13500000000000004
717,0.21601979541821364,0.13506683134948866,0.6152739728018508,0.13500000000000004
718,0.21595121639568746,0.13506704919580304,0.6153804060681365,0.13500000000000004
719,0.21588300500040977,0.1350672612355917,0.6154863041633805,0.13500000000000004
720,0.21581515796844333,0.13506746690247845,0.6155916749371391,0.13500000000000004
721,0.21574767207353895,0.13506766605331905,0.6156965239327636,0.13500000000000004
722,0.21568054412843227,0.13506785892920567,0.6158008546059268,0.13500000000000004
723,0.2156137709850801,0.13506804608348288,0.6159046687160311,0.13500000000000004
724,0.21554734953402294,0.13506822829863258,0.6160079667739203,0.13500000000000004
725,0.21548127670305461,0.13506840651077523,0.6161107484469508,0.13500000000000004
726,0.21541554945549832,0.13506858174959643,0.6162130128806849,0.13500000000000004
727,0.2153501647885708,0.13506875508961774,0.6163147589588679,0.13500000000000004
728,0.21528511973222295,0.13506892760253883,0.6164159855556637,0.13500000000000004
729,0.21522041134854017,0.1350691003026361,0.6165166918221845,0.13500000000000004
730,0.21515603673163364,0.1350692740855847,0.6166168775052421,0.13500000000000004
731,0.21509199300793602,0.13506944966995,0.6167165432497382,0.13500000000000004
732,0.21502827733674457,0.13506962755450325,0.6168156908161353,0.13500000000000004
733,0.21496488691072715,0.1350698080012448,0.6169143231622898,0.13500000000000004
734,0.21490181895615917,0.13506999104558765,0.6170124443833136,0.13500000000000004
735,0.21483907073282044,0.13507017652638698,0.6171100595487062,0.13500000000000004
736,0.2147766395335787,0.1350703641240475,0.617207174498779,0.13500000000000004
737,0.21471452268368724,0.13507055339666815,0.6173037956529253,0.13500000000000004
738,0.21465271753984747,0.13507074381036263,0.6173999298497141,0.13500000000000004
739,0.2145912214892012,0.13507093476646007,0.6174955842043888,0.13500000000000004
740,0.2145300319483466,0.13507112563144166,0.617590765953248,0.13500000000000004
741,0.21446914636243625,0.13507131577367604,0.6176854822639891,0.13500000000000004
742,0.21440856220438223,0.13507150460581324,0.6177797400181707,0.13500000000000004
743,0.21434827697418923,0.13507169162647412,0.6178735455987938,0.13500000000000004
744,0.2142882881984255,0.13507187645277327,0.6179669047264736,0.13500000000000004
745,0.21422859342978168,0.1350720588374079,0.6180598223760397,0.13500000000000004
746,0.21416919024665987,0.13507223866917056,0.6181523027787896,0.13500000000000004
747,0.2141100762527881,0.13507241596090255,0.6182443494890414,0.13500000000000004
748,0.21405124907683043,0.13507259083147685,0.6183359654807268,0.13500000000000004
749,0.2139927063719903,0.135072763487381,0.6184271532452805,0.13500000000000004
750,0.2139344458156019,0.13507293420601058,0.6185179148800659,0.13500000000000004
751,0.21387646510874764,0.13507310331921232,0.6186082521748554,0.13500000000000004
752,0.21381876197591818,0.1350732711940909,0.6186981667116488,0.13500000000000004
753,0.21376133416472287,0.1350734382093103,0.6187876599867715,0.13500000000000004
754,0.21370417944565503,0.1350736047281087,0.6188767335489005,0.13500000000000004
755,0.2136472956119016,0.13507377107204135,0.6189653891324898,0.13500000000000004
756,0.21359068047918112,0.13507393750034843,0.619053628761753,0.13500000000000004
757,0.21353433188558646,0.1350741041983064,0.6191414548083762,0.13500000000000004
758,0.2134782476914083,0.1350742712748925,0.6192288700016447,0.13500000000000004
759,0.21342242577890724,0.13507443876726005,0.6193158774040521,0.13500000000000004
760,0.21336686405205757,0.13507460664831883,0.6194024803713691,0.13500000000000004
761,0.21331156043622598,0.13507477483458236,0.6194886825116948,0.13500000000000004
762,0.2132565128778146,0.13507494319354119,0.6195744876472091,0.13500000000000004
763,0.21320171934386153,0.13507511155178614,0.6196598997724433,0.13500000000000004
764,0.21314717782163045,0.13507527970572616,0.6197449229997558,0.13500000000000004
765,0.21309288631819345,0.13507544743577846,0.6198295614876943,0.13500000000000004
766,0.2130388428600198,0.13507561452302771,0.619913819357406,0.13500000000000004
767,0.21298504549257982,0.13507578076574958,0.6199977006102615,0.13500000000000004
768,0.212931492279974,0.1350759459928153,0.620081209061641,0.13500000000000004
769,0.2128781813045871,0.13507611007201809,0.6201643483005771,0.13500000000000004
770,0.21282511066675627,0.1350762729131592,0.6202471216758811,0.13500000000000004
771,0.21277227848446273,0.1350764344672875,0.6203295323015615,0.13500000000000004
772,0.21271968289303156,0.135076594724047,0.6204115830716379,0.13500000000000004
773,0.21266732204484187,0.13507675370850067,0.620493276677449,0.13500000000000004
774,0.21261519410904545,0.13507691147762138,0.6205746156264834,0.13500000000000004
775,0.21256329727129838,0.13507706811568035,0.6206556022665599,0.13500000000000004
776,0.21251162973349347,0.1350772237276232,0.6207362388198692,0.13500000000000004
777,0.21246018971351852,0.13507737843023246,0.6208165274277779,0.13500000000000004
778,0.2124089754450152,0.13507753234198683,0.6208964702018408,0.13500000000000004
779,0.21235798517715324,0.1350776855733004,0.6209760692726041,0.13500000000000004
780,0.21230721717440823,0.135077838218844,0.6210553268277974,0.13500000000000004
781,0.2122566697163421,0.13507799035288262,0.6211342451353576,0.13500000000000004
782,0.2122063410973841,0.13507814202748633,0.6212128265521046,0.13500000000000004
783,0.21215622962660133,0.1350782932726551,0.6212910735229218,0.13500000000000004
784,0.21210633362747167,0.13507844409723702,0.6213689885760251,0.13500000000000004
785,0.21205665143764316,0.1350785944899954,0.6214465743175488,0.13500000000000004
786,0.21200718140868907,0.13507874442090306,0.6215238334250561,0.13500000000000004
787,0.2119579219058517,0.13507889384324012,0.6216007686371495,0.13500000000000004
788,0.2119088713077891,0.13507904269703816,0.6216773827365172,0.13500000000000004
789,0.21186002800630896,0.13507919091391984,0.6217536785262412,0.13500000000000004
790,0.21181139040610544,0.13507933842272735,0.6218296588023695,0.13500000000000004
791,0.2117629569244983,0.13507948515494025,0.6219053263276794,0.13500000000000004
792,0.2117147259911683,0.1350796310489637,0.6219806838111388,0.13500000000000004
793,0.21166669604790483,0.1350797760528426,0.6220557338951775,0.13500000000000004
794,0.2116188655483497,0.13507992012555994,0.6221304791499641,0.13500000000000004
795,0.21157123295775124,0.13508006323744615,0.6222049220720458,0.13500000000000004
796,0.21152379675271993,0.13508020537022508,0.6222790650847667,0.13500000000000004
797,0.21147655542099103,0.13508034651689674,0.6223529105394678,0.13500000000000004
798,0.21142950746118883,0.1350804866812771,0.6224264607183474,0.13500000000000004
799,0.21138265138259363,0.13508062587682632,0.6224997178407661,0.13500000000000004
800,0.21133598570492648,0.1350807641245194,0.6225726840741479,0.13500000000000004
801,0.21128950895811505,0.13508090144988655,0.6226453615488879,0.13500000000000004
802,0.2112432196820882,0.1350810378796857,0.6227177523749232,0.13500000000000004
803,0.2111971164265567,0.13508117343885373,0.6227898586568843,0.13500000000000004
804,0.2111511977508013,0.13508130814823016,0.6228616825054116,0.13500000000000004
805,0.2111054622234691,0.13508144202321842,0.622933226043861,0.13500000000000004
806,0.21105990842235495,0.13508157507321386,0.6230044914112872,0.13500000000000004
807,0.21101453493419806,0.13508170730144478,0.6230754807633956,0.13500000000000004
808,0.21096934035447404,0.13508183870494694,0.6231461962728545,0.13500000000000004
809,0.21092432328718086,0.13508196927460964,0.6232166401292734,0.13500000000000004
810,0.21087948234463522,0.13508209899543028,0.6232868145381631,0.13500000000000004
811,0.2108348161472597,0.1350822278472009,0.6233567217178374,0.13500000000000004
812,0.21079032332337252,0.13508235580572345,0.6234263638937829,0.13500000000000004
813,0.21074600250898096,0.1350824828444417,0.6234957432910495,0.13500000000000004
814,0.21070185234757094,0.1350826089361999,0.6235648621260792,0.13500000000000004
815,0.2106578714899003,0.13508273405478852,0.6236337225995947,0.13500000000000004
816,0.21061405859379753,0.135082858176054,0.6237023268916086,0.13500000000000004
817,0.21057041232395765,0.1350829812785495,0.6237706771586649,0.13500000000000004
818,0.21052693135174458,0.13508310334385887,0.6238387755326511,0.13500000000000004
819,0.21048361435499932,0.13508322435677717,0.6239066241202937,0.13500000000000004
820,0.2104404600178452,0.13508334430545457,0.6239742250028371,0.13500000000000004
821,0.21039746703050607,0.13508346318146758,0.6240415802360496,0.13500000000000004
822,0.2103546340891207,0.13508358097969847,0.6241086918511545,0.13500000000000004
823,0.21031195989556828,0.13508369769789433,0.6241755618572666,0.13500000000000004
824,0.21026944315729562,0.13508381333588948,0.6242421922454221,0.13500000000000004
825,0.2102270825871508,0.1350839278946044,0.6243085849936449,0.13500000000000004
826,0.21018487690322102,0.1350840413750264,0.6243747420720732,0.13500000000000004
827,0.21014282482867624,0.13508415377736882,0.6244406654472014,0.13500000000000004
828,0.2101009250916171,0.1350842651005204,0.624506357084722,0.13500000000000004
829,0.21005917642493155,0.13508437534177076,0.6245718189510274,0.13500000000000004
830,0.21001757756614997,0.1350844844967221,0.6246370530138259,0.13500000000000004
831,0.2099761272573095,0.13508459255928232,0.6247020612423562,0.13500000000000004
832,0.20993482424482526,0.1350846995216935,0.6247668456074227,0.13500000000000004
833,0.20989366727936484,0.13508480537462436,0.6248314080811264,0.13500000000000004
834,0.20985265511572737,0.13508491010739132,0.6248957506359805,0.13500000000000004
835,0.20981178651273355,0.1350850137083514,0.6249598752431994,0.13500000000000004
836,0.20977106023311606,0.1350851161654535,0.6250237838702504,0.13500000000000004
837,0.20973047504342224,0.13508521746685542,0.6250874784780799,0.13500000000000004
838,0.20969002971391953,0.1350853176014964,0.6251509610185642,0.13500000000000004
839,0.20964972301851176,0.13508541655952724,0.6252142334326195,0.13500000000000004
840,0.2096095537346622,0.13508551433257088,0.6252772976491139,0.13500000000000004
841,0.2095695206433265,0.13508561091384239,0.6253401555844265,0.13500000000000004
842,0.2095296225288928,0.13508570629819328,0.6254028091423564,0.13500000000000004
843,0.20948985817913388,0.13508580048212768,0.6254652602141426,0.13500000000000004
844,0.20945022638516483,0.135085893463802,0.6255275106785545,0.13500000000000004
845,0.2094107259414146,0.1350859852429749,0.6255895624021914,0.13500000000000004
846,0.20937135564560394,0.13508607582086854,0.6256514172401875,0.13500000000000004
847,0.20933211429873672,0.13508616519992273,0.6257130770373975,0.13500000000000004
848,0.20929300070510154,0.13508625338346367,0.6257745436299595,0.13500000000000004
849,0.20925401367227958,0.13508634037535325,0.6258358188469365,0.13500000000000004
850,0.2092151520111687,0.13508642617968136,0.6258969045117209,0.13500000000000004
851,0.20917641453601213,0.13508651080055736,0.6259578024429651,0.13500000000000004
852,0.2091378000644427,0.13508659424200567,0.6260185144549946,0.13500000000000004
853,0.2090993074175345,0.13508667650794698,0.6260790423578071,0.13500000000000004
854,0.20906093541986115,0.13508675760223127,0.6261393879568184,0.13500000000000004
855,0.20902268289957276,0.13508683752869308,0.6261995530524767,0.13500000000000004
856,0.2089845486884716,0.13508691629123307,0.6262595394397534,0.13500000000000004
857,0.20894653162210924,0.13508699389393,0.626319348907463,0.13500000000000004
858,0.20890863053988207,0.13508707034120487,0.6263789832373403,0.13500000000000004
859,0.20887084428514555,0.13508714563802474,0.6264384442029067,0.13500000000000004
860,0.20883317170533053,0.13508721979012708,0.6264977335682386,0.13500000000000004
861,0.20879561165207455,0.13508729280422227,0.6265568530868179,0.13500000000000004
862,0.20875816298135605,0.1350873646881407,0.6266158045006373,0.13500000000000004
863,0.20872082455364324,0.13508743545090346,0.6266745895396401,0.13500000000000004
864,0.2086835952340472,0.13508750510272488,0.6267332099214719,0.13500000000000004
865,0.2086464738924879,0.13508757365496415,0.6267916673514466,0.13500000000000004
866,0.20860945940385983,0.13508764112005464,0.6268499635226172,0.13500000000000004
867,0.20857255064821686,0.1350877075114181,0.6269081001158845,0.13500000000000004
868,0.20853574651095202,0.13508777284337298,0.6269660788001387,0.13500000000000004
869,0.20849904588299126,0.13508783713102518,0.627023901232461,0.13500000000000004
870,0.20846244766099198,0.13508790039013707,0.6270815690584151,0.13500000000000004
871,0.20842595074754455,0.13508796263698003,0.6271390839124091,0.13500000000000004
872,0.20838955405138035,0.13508802388818703,0.6271964474180471,0.13500000000000004
873,0.20835325648758363,0.13508808416062185,0.6272536611883912,0.13500000000000004
874,0.20831705697780795,0.13508814347128736,0.6273107268260391,0.13500000000000004
875,0.20828095445049138,0.13508820183727668,0.6273676459229991,0.13500000000000004
876,0.20824494784107717,0.13508825927576248,0.627424420060382,0.13500000000000004
877,0.20820903609223615,0.13508831580401126,0.6274810508079733,0.13500000000000004
878,0.20817321815408638,0.1350883714394111,0.6275375397237473,0.13500000000000004
879,0.20813749298441692,0.13508842619950273,0.6275938883533602,0.13500000000000004
880,0.20810185954890836,0.1350884801020131,0.6276500982296369,0.13500000000000004
881,0.20806631682135254,0.13508853316489244,0.6277061708720428,0.13500000000000004
882,0.2080308637838714,0.13508858540635366,0.6277621077861468,0.13500000000000004
883,0.20799549942713424,0.13508863684490943,0.6278179104630981,0.13500000000000004
884,0.20796022275056997,0.1350886874993979,0.6278735803791631,0.13500000000000004
885,0.20792503276257776,0.13508873738898644,0.6279291189953673,0.13500000000000004
886,0.2078899284807345,0.1350887865331465,0.6279845277572753,0.13500000000000004
887,0.20785490893199512,0.13508883495160287,0.6280398080948999,0.13500000000000004
888,0.20781997315289114,0.13508888266426167,0.6280949614227125,0.13500000000000004
889,0.20778512018972262,0.13508892969112962,0.6281499891397031,0.13500000000000004
890,0.20775034909874437,0.135088976052234,0.6282048926294457,0.13500000000000004
891,0.20771565894634578,0.13508902176755003,0.6282596732601389,0.13500000000000004
892,0.20768104880922275,0.1350890668569369,0.6283143323846193,0.13500000000000004
893,0.20764651777454626,0.1350891113400809,0.6283688713403461,0.13500000000000004
894,0.20761206494011805,0.1350891552364475,0.6284232914493657,0.13500000000000004
895,0.2075776894145229,0.13508919856524038,0.6284775940182485,0.13500000000000004
896,0.20754339031726807,0.1350892413453723,0.6285317803379916,0.13500000000000004
897,0.20750916677891865,0.13508928359544894,0.6285858516838689,0.13500000000000004
898,0.20747501794122428,0.135089325333766,0.6286398093152334,0.13500000000000004
899,0.20744094295723012,0.13508936657832143,0.6286936544752739,0.13500000000000004
900,0.20740694099138543,0.13508940734683214,0.6287473883907578,0.13500000000000004
901,0.20737301121964205,0.13508944765675193,0.6288010122717811,0.13500000000000004
902,0.20733915282954102,0.13508948752528677,0.6288545273115529,0.13500000000000004
903,0.2073053650202895,0.13508952696940352,0.6289079346862242,0.13500000000000004
904,0.20727164700283274,0.13508956600583039,0.6289612355547621,0.13500000000000004
905,0.20723799799991013,0.13508960465105407,0.6290144310588661,0.13500000000000004
906,0.20720441724610952,0.13508964292131062,0.6290675223229155,0.13500000000000004
907,0.20717090398790486,0.13508968083257455,0.6291205104539512,0.13500000000000004
908,0.20713745748368836,0.1350897184005431,0.6291733965416887,0.13500000000000004
909,0.20710407700379496,0.13508975564061565,0.6292261816585658,0.13500000000000004
910,0.2070707618305135,0.13508979256787104,0.6292788668598209,0.13500000000000004
911,0.20703751125809303,0.13508982919704196,0.6293314531835927,0.13500000000000004
912,0.20700432459273502,0.13508986554249294,0.6293839416510252,0.13500000000000004
913,0.20697120115258566,0.13508990161819956,0.6294363332663673,0.13500000000000004
914,0.20693814026771012,0.13508993743773878,0.6294886290170503,0.13500000000000004
915,0.2069051412800652,0.135089973014285,0.6295408298737416,0.13500000000000004
916,0.20687220354345928,0.13509000836061424,0.629592936790381,0.13500000000000004
917,0.20683932642350814,0.13509004348911294,0.629644950704203,0.13500000000000004
918,0.20680650929758168,0.13509007841178944,0.6296968725357615,0.13500000000000004
919,0.20677375155474292,0.13509011314028835,0.6297487031889535,0.13500000000000004
920,0.20674105259567915,0.13509014768590383,0.62980044355106,0.13500000000000004
921,0.20670841183263003,0.1350901820595935,0.6298520944927908,0.13500000000000004
922,0.20667582868930295,0.1350902162719918,0.6299036568683496,0.13500000000000004
923,0.2066433026007895,0.1350902503334207,0.6299551315155119,0.13500000000000004
924,0.20661083301346916,0.13509028425389993,0.6300065192557245,0.13500000000000004
925,0.20657841938491348,0.1350903180431518,0.6300578208942296,0.13500000000000004
926,0.20654606118378055,0.13509035171060432,0.630109037220212,0.13500000000000004
927,0.20651375788970577,0.13509038526539094,0.6301601690069676,0.13500000000000004
928,0.20648150899319032,0.13509041871634783,0.6302112170120874,0.13500000000000004
929,0.2064493139954792,0.1350904520720127,0.6302621819776506,0.13500000000000004
930,0.20641717240844243,0.13509048534062265,0.630313064630418,0.13500000000000004
931,0.2063850837544488,0.13509051853011472,0.6303638656820238,0.13500000000000004
932,0.2063530475662338,0.13509055164812936,0.6304145858291645,0.13500000000000004
933,0.2063210633867679,0.13509058470201452,0.6304652257537837,0.13500000000000004
934,0.20628913076912114,0.13509061769883143,0.6305157861232555,0.13500000000000004
935,0.20625724927632222,0.13509065064536296,0.6305662675905663,0.13500000000000004
936,0.20622541848121922,0.13509068354812068,0.6306166707944965,0.13500000000000004
937,0.20619363796633294,0.1350907164133559,0.6306669963598,0.13500000000000004
938,0.206161907323715,0.13509074924706832,0.6307172448973846,0.13500000000000004
939,0.20613022615479526,0.13509078205501857,0.6307674170044929,0.13500000000000004
940,0.20609859407023703,0.13509081484273752,0.6308175132648849,0.13500000000000004
941,0.20606701068978336,0.13509084761553714,0.6308675342490284,0.13500000000000004
942,0.20603547564210806,0.1350908803785179,0.6309174805142979,0.13500000000000004
943,0.206003988564659,0.1350909131365773,0.6309673526051804,0.13500000000000004
944,0.20597254910350868,0.13509094589441356,0.631017151053492,0.13500000000000004
945,0.20594115691320034,0.13509097865653008,0.6310668763785976,0.13500000000000004
946,0.20590981165659056,0.13509101142724037,0.6311165290876357,0.13500000000000004
947,0.20587851300469717,0.13509104421067045,0.6311661096757444,0.13500000000000004
948,0.20584726063654474,0.13509107701076267,0.6312156186262863,0.13500000000000004
949,0.2058160542390124,0.13509110983127903,0.631265056411072,0.13500000000000004
950,0.20578489350667398,0.135091142675807,0.6313144234905833,0.13500000000000004
951,0.20575377814165183,0.13509117554776193,0.6313637203141912,0.13500000000000004
952,0.20572270785345984,0.13509120845039368,0.6314129473203727,0.13500000000000004
953,0.2056916823588527,0.1350912413867913,0.6314621049369247,0.13500000000000004
954,0.20566070138167358,0.13509127435989055,0.6315111935811697,0.13500000000000004
955,0.2056297646527061,0.13509130737247876,0.6315602136601649,0.13500000000000004
956,0.20559887190952245,0.13509134042720328,0.6316091655709031,0.13500000000000004
957,0.20556802289633735,0.13509137352657685,0.6316580497005162,0.13500000000000004
958,0.20553721736386144,0.13509140667298392,0.6317068664264787,0.13500000000000004
959,0.20550645506915277,0.1350914398686867,0.631755616116811,0.13500000000000004
960,0.205475735775478,0.13509147311582803,0.6318042991302866,0.13500000000000004
961,0.20544505925216625,0.13509150641643652,0.6318529158166368,0.13500000000000004
962,0.20541442527446885,0.13509153977242977,0.6319014665167577,0.13500000000000004
963,0.20538383362342152,0.13509157318561732,0.6319499515629129,0.13500000000000004
964,0.20535328408570577,0.13509160665770342,0.6319983712789383,0.13500000000000004
965,0.20532277645351354,0.13509164019029077,0.6320467259804396,0.13500000000000004
966,0.20529231052441307,0.13509167378488318,0.6320950159749894,0.13500000000000004
967,0.20526188610121768,0.13509170744288812,0.6321432415623232,0.13500000000000004
968,0.20523150299185455,0.13509174116562106,0.6321914030345258,0.13500000000000004
969,0.2052011610092376,0.1350917749543078,0.6322395006762209,0.13500000000000004
970,0.2051708599711403,0.1350918088100887,0.6322875347647522,0.13500000000000004
971,0.20514059970007154,0.135091842734022,0.6323355055703634,0.13500000000000004
972,0.20511038002315582,0.13509187672708686,0.6323834133563735,0.13500000000000004
973,0.20508020077200623,0.13509191079018934,0.6324312583793494,0.13500000000000004
974,0.2050500617826148,0.13509194492416288,0.6324790408892768,0.13500000000000004
975,0.20501996289523125,0.13509197912977325,0.632526761129728,0.13500000000000004
976,0.20498990395424907,0.13509201340772145,0.6325744193380296,0.13500000000000004
977,0.20495988480809563,0.13509204775864553,0.632622015745426,0.13500000000000004
978,0.20492990530911906,0.13509208218312402,0.6326695505772433,0.13500000000000004
979,0.20489996531348476,0.1350921166816764,0.6327170240530495,0.13500000000000004
980,0.20487006468106367,0.1350921512547675,0.6327644363868113,0.13500000000000004
981,0.20484020327533461,0.135092185902807,0.63281178778705,0.13500000000000004
982,0.20481038096327842,0.1350922206261528,0.6328590784569934,0.13500000000000004
983,0.20478059761528056,0.13509225542511194,0.632906308594725,0.13500000000000004
984,0.20475085310503122,0.13509229029994357,0.6329534783933284,0.13500000000000004
985,0.20472114730943164,0.13509232525085987,0.6330005880410308,0.13500000000000004
986,0.2046914801084999,0.13509236027802823,0.6330476377213416,0.13500000000000004
987,0.2046618513852791,0.13509239538157328,0.6330946276131888,0.13500000000000004
988,0.20463226102574814,0.135092430561579,0.6331415578910492,0.13500000000000004
989,0.20460270891873256,0.13509246581809106,0.6331884287250793,0.13500000000000004
990,0.20457319495582146,0.13509250115111812,0.6332352402812405,0.13500000000000004
991,0.20454371903128168,0.1350925365606343,0.6332819927214233,0.13500000000000004
992,0.20451428104197614,0.13509257204658076,0.633328686203569,0.13500000000000004
993,0.20448488088728378,0.13509260760886727,0.6333753208817892,0.13500000000000004
994,0.2044555184690222,0.1350926432473734,0.6334218969064822,0.13500000000000004
995,0.20442619369137052,0.13509267896195018,0.6334684144244487,0.13500000000000004
996,0.2043969064607953,0.1350927147524209,0.633514873579003,0.13500000000000004
997,0.20436765668597648,0.13509275061858247,0.633561274510086,0.13500000000000004
998,0.2043384442777385,0.13509278656020612,0.6336076173543693,0.13500000000000004
999,0.2043092691489786,0.13509282257703886,0.6336539022453629,0.13500000000000004
